,n_feat,cv_p@r,cv_prauc,hold_p@r,hold_prauc,d_cv_p@r,d_cv_prauc,d_hold_p@r,d_hold_prauc
ALL,65,0.7617896009673518,0.7905389843788134,0.6973365617433414,0.7763760851347384,0.0,0.0,0.0,0.0
- cookie_age,61,0.7707317073170732,0.7903233568691636,0.680952380952381,0.773466165043609,0.008942106349721368,-0.00021562750964987387,-0.01638418079096038,-0.0029099200911294476
- volume_sessions,57,0.7611580217129071,0.7929807704670372,0.7333333333333333,0.7797584643653033,-0.0006315792544446808,0.002441786088223763,0.03599677158999193,0.003382379230564836
- timing,53,0.6885245901639344,0.7539862694800363,0.6271929824561403,0.7399632964594185,-0.07326501080341741,-0.036552714898777094,-0.07014357928720105,-0.03641278867531994
- hours,62,0.7664233576642335,0.7917076834997577,0.6949152542372882,0.7769156848014483,0.004633756696881708,0.0011686991209443054,-0.002421307506053183,0.0005395996667099112
- event_mix,48,0.733256351039261,0.7802284436012785,0.6899038461538461,0.7627937429147719,-0.02853324992809081,-0.010310540777534904,-0.007432715589495209,-0.01358234221996657
- diversity,52,0.6312625250501002,0.7494164920936016,0.5896907216494846,0.736002712844435,-0.13052707591725166,-0.04112249228521181,-0.1076458400938568,-0.040373372290303466
- cursor,60,0.6057692307692307,0.7385648750406504,0.5447619047619048,0.7166363696225279,-0.1560203701981211,-0.051974109338163044,-0.15257465698143657,-0.05973971551221058
- client,62,0.7580838323353294,0.7902990067135329,0.7,0.7740443446122305,-0.0037057686320224326,-0.00023997766528049969,0.0026634382566586012,-0.0023317405225079524
